{
  "recall@1": 0.0143547390302826,
  "recall@5": 0.03747401539412327,
  "recall@10": 0.05385133996291926,
  "recall@20": 0.07607168942075397
}