{
  "recall@1": 0.026529981454770247,
  "recall@5": 0.06835977745724295,
  "recall@10": 0.09416855553266021,
  "recall@20": 0.12172882752936329
}