{
  "recall@1": 0.024683629208961232,
  "recall@5": 0.060725305191611144,
  "recall@10": 0.08455931672852479,
  "recall@20": 0.11653177122926262
}